parcel_id,residual
synth_hi_0,0.011512467150443429
synth_hi_1,0.01045496471824488
synth_hi_2,0.011559739959998103
synth_hi_3,0.009751030522408565
synth_hi_4,0.010995101134562682
synth_hi_5,0.011940998533647343
synth_hi_6,0.010819631157878023
synth_hi_7,0.010900984515349979
